timestamp,source_mac,destination_mac,source_ip,destination_ip,protocol,source_port,destination_port,tcp_flags,ip_version,ip_protocol,tor
1437585311.219998,08:00:27:11:4d:b1,08:00:27:78:57:ca,10.152.152.11,5.9.28.6,,49655,5222,PA,4,6,0
1437585311.220494,08:00:27:78:57:ca,08:00:27:11:4d:b1,5.9.28.6,10.152.152.11,,5222,49655,A,4,6,0
1437585311.485231,08:00:27:78:57:ca,08:00:27:11:4d:b1,5.9.28.6,10.152.152.11,,5222,49655,PA,4,6,0
1437585311.485323,08:00:27:11:4d:b1,08:00:27:78:57:ca,10.152.152.11,5.9.28.6,,49655,5222,A,4,6,0
1437585316.231115,08:00:27:11:4d:b1,08:00:27:78:57:ca,,,,,,,,,0
1437585316.231603,08:00:27:78:57:ca,08:00:27:11:4d:b1,,,,,,,,,0
1437585318.037157,08:00:27:11:4d:b1,08:00:27:78:57:ca,10.152.152.11,5.9.28.6,,49655,5222,PA,4,6,0
1437585318.037373,08:00:27:78:57:ca,08:00:27:11:4d:b1,5.9.28.6,10.152.152.11,,5222,49655,A,4,6,0
1437585318.358597,08:00:27:78:57:ca,08:00:27:11:4d:b1,5.9.28.6,10.152.152.11,,5222,49655,PA,4,6,0
1437585318.358689,08:00:27:11:4d:b1,08:00:27:78:57:ca,10.152.152.11,5.9.28.6,,49655,5222,A,4,6,0
1437585318.471083,08:00:27:78:57:ca,08:00:27:11:4d:b1,5.9.28.6,10.152.152.11,,5222,49655,PA,4,6,0
1437585318.471108,08:00:27:11:4d:b1,08:00:27:78:57:ca,10.152.152.11,5.9.28.6,,49655,5222,A,4,6,0
1437585333.933643,08:00:27:78:57:ca,08:00:27:11:4d:b1,5.9.28.6,10.152.152.11,,5222,49655,PA,4,6,0
1437585333.933677,08:00:27:11:4d:b1,08:00:27:78:57:ca,10.152.152.11,5.9.28.6,,49655,5222,A,4,6,0
1437585342.710428,08:00:27:11:4d:b1,08:00:27:78:57:ca,10.152.152.11,5.9.28.6,,49655,5222,A,4,6,0
1437585342.710609,08:00:27:11:4d:b1,08:00:27:78:57:ca,10.152.152.11,5.9.28.6,,49655,5222,PA,4,6,0
1437585342.710884,08:00:27:78:57:ca,08:00:27:11:4d:b1,5.9.28.6,10.152.152.11,,5222,49655,A,4,6,0
1437585342.711035,08:00:27:78:57:ca,08:00:27:11:4d:b1,5.9.28.6,10.152.152.11,,5222,49655,A,4,6,0
1437585343.045207,08:00:27:78:57:ca,08:00:27:11:4d:b1,5.9.28.6,10.152.152.11,,5222,49655,PA,4,6,0
1437585343.045310,08:00:27:11:4d:b1,08:00:27:78:57:ca,10.152.152.11,5.9.28.6,,49655,5222,A,4,6,0
1437585343.157422,08:00:27:78:57:ca,08:00:27:11:4d:b1,5.9.28.6,10.152.152.11,,5222,49655,PA,4,6,0
1437585343.157449,08:00:27:11:4d:b1,08:00:27:78:57:ca,10.152.152.11,5.9.28.6,,49655,5222,A,4,6,0
1437585356.919845,08:00:27:78:57:ca,08:00:27:11:4d:b1,5.9.28.6,10.152.152.11,,5222,49655,PA,4,6,0
1437585356.919879,08:00:27:11:4d:b1,08:00:27:78:57:ca,10.152.152.11,5.9.28.6,,49655,5222,A,4,6,0
1437585357.032120,08:00:27:78:57:ca,08:00:27:11:4d:b1,5.9.28.6,10.152.152.11,,5222,49655,PA,4,6,0
1437585357.032147,08:00:27:11:4d:b1,08:00:27:78:57:ca,10.152.152.11,5.9.28.6,,49655,5222,A,4,6,0
1437585359.125800,08:00:27:11:4d:b1,08:00:27:78:57:ca,10.152.152.11,5.9.28.6,,49655,5222,PA,4,6,0
1437585359.126295,08:00:27:78:57:ca,08:00:27:11:4d:b1,5.9.28.6,10.152.152.11,,5222,49655,A,4,6,0
1437585359.520524,08:00:27:78:57:ca,08:00:27:11:4d:b1,5.9.28.6,10.152.152.11,,5222,49655,PA,4,6,0
1437585359.520615,08:00:27:11:4d:b1,08:00:27:78:57:ca,10.152.152.11,5.9.28.6,,49655,5222,A,4,6,0
1437585359.585360,08:00:27:78:57:ca,08:00:27:11:4d:b1,5.9.28.6,10.152.152.11,,5222,49655,PA,4,6,0
1437585359.585458,08:00:27:11:4d:b1,08:00:27:78:57:ca,10.152.152.11,5.9.28.6,,49655,5222,A,4,6,0
1437585363.686940,08:00:27:78:57:ca,08:00:27:11:4d:b1,5.9.28.6,10.152.152.11,,5222,49655,PA,4,6,0
1437585363.686974,08:00:27:11:4d:b1,08:00:27:78:57:ca,10.152.152.11,5.9.28.6,,49655,5222,A,4,6,0
1437585363.798861,08:00:27:78:57:ca,08:00:27:11:4d:b1,5.9.28.6,10.152.152.11,,5222,49655,PA,4,6,0
1437585363.798934,08:00:27:11:4d:b1,08:00:27:78:57:ca,10.152.152.11,5.9.28.6,,49655,5222,A,4,6,0
1437585388.092132,08:00:27:11:4d:b1,08:00:27:78:57:ca,10.152.152.11,5.9.28.6,,49655,5222,A,4,6,0
1437585388.092194,08:00:27:11:4d:b1,08:00:27:78:57:ca,10.152.152.11,5.9.28.6,,49655,5222,A,4,6,0
1437585388.092238,08:00:27:11:4d:b1,08:00:27:78:57:ca,10.152.152.11,5.9.28.6,,49655,5222,A,4,6,0
1437585388.092276,08:00:27:11:4d:b1,08:00:27:78:57:ca,10.152.152.11,5.9.28.6,,49655,5222,PA,4,6,0
1437585388.092189,08:00:27:78:57:ca,08:00:27:11:4d:b1,5.9.28.6,10.152.152.11,,5222,49655,A,4,6,0
1437585388.092200,08:00:27:78:57:ca,08:00:27:11:4d:b1,5.9.28.6,10.152.152.11,,5222,49655,A,4,6,0
1437585388.092206,08:00:27:78:57:ca,08:00:27:11:4d:b1,5.9.28.6,10.152.152.11,,5222,49655,A,4,6,0
1437585388.092211,08:00:27:78:57:ca,08:00:27:11:4d:b1,5.9.28.6,10.152.152.11,,5222,49655,A,4,6,0
1437585404.491510,08:00:27:11:4d:b1,08:00:27:78:57:ca,10.152.152.11,5.9.28.6,,49655,5222,PA,4,6,0
1437585404.491717,08:00:27:78:57:ca,08:00:27:11:4d:b1,5.9.28.6,10.152.152.11,,5222,49655,A,4,6,0
1437585404.731370,08:00:27:78:57:ca,08:00:27:11:4d:b1,5.9.28.6,10.152.152.11,,5222,49655,PA,4,6,0
1437585404.731474,08:00:27:11:4d:b1,08:00:27:78:57:ca,10.152.152.11,5.9.28.6,,49655,5222,A,4,6,0
1437585404.843582,08:00:27:78:57:ca,08:00:27:11:4d:b1,5.9.28.6,10.152.152.11,,5222,49655,PA,4,6,0
1437585404.843614,08:00:27:11:4d:b1,08:00:27:78:57:ca,10.152.152.11,5.9.28.6,,49655,5222,A,4,6,0
1437585426.972138,08:00:27:11:4d:b1,08:00:27:78:57:ca,10.152.152.11,5.9.28.6,,49655,5222,A,4,6,0
1437585426.972251,08:00:27:11:4d:b1,08:00:27:78:57:ca,10.152.152.11,5.9.28.6,,49655,5222,A,4,6,0
1437585426.972336,08:00:27:11:4d:b1,08:00:27:78:57:ca,10.152.152.11,5.9.28.6,,49655,5222,A,4,6,0
1437585426.972560,08:00:27:78:57:ca,08:00:27:11:4d:b1,5.9.28.6,10.152.152.11,,5222,49655,A,4,6,0
1437585426.972594,08:00:27:78:57:ca,08:00:27:11:4d:b1,5.9.28.6,10.152.152.11,,5222,49655,A,4,6,0
1437585426.972597,08:00:27:78:57:ca,08:00:27:11:4d:b1,5.9.28.6,10.152.152.11,,5222,49655,A,4,6,0
1437585426.972834,08:00:27:11:4d:b1,08:00:27:78:57:ca,10.152.152.11,5.9.28.6,,49655,5222,A,4,6,0
1437585426.972924,08:00:27:11:4d:b1,08:00:27:78:57:ca,10.152.152.11,5.9.28.6,,49655,5222,PA,4,6,0
1437585426.973122,08:00:27:78:57:ca,08:00:27:11:4d:b1,5.9.28.6,10.152.152.11,,5222,49655,A,4,6,0
1437585426.973129,08:00:27:78:57:ca,08:00:27:11:4d:b1,5.9.28.6,10.152.152.11,,5222,49655,A,4,6,0
1437585434.843410,08:00:27:78:57:ca,08:00:27:11:4d:b1,5.9.28.6,10.152.152.11,,5222,49655,PA,4,6,0
1437585434.843500,08:00:27:11:4d:b1,08:00:27:78:57:ca,10.152.152.11,5.9.28.6,,49655,5222,A,4,6,0
1437585434.957941,08:00:27:78:57:ca,08:00:27:11:4d:b1,5.9.28.6,10.152.152.11,,5222,49655,PA,4,6,0
1437585434.957970,08:00:27:11:4d:b1,08:00:27:78:57:ca,10.152.152.11,5.9.28.6,,49655,5222,A,4,6,0
1437585453.549998,08:00:27:11:4d:b1,08:00:27:78:57:ca,10.152.152.11,5.9.28.6,,49655,5222,A,4,6,0
1437585453.550231,08:00:27:11:4d:b1,08:00:27:78:57:ca,10.152.152.11,5.9.28.6,,49655,5222,A,4,6,0
1437585453.550413,08:00:27:78:57:ca,08:00:27:11:4d:b1,5.9.28.6,10.152.152.11,,5222,49655,A,4,6,0
1437585453.550426,08:00:27:78:57:ca,08:00:27:11:4d:b1,5.9.28.6,10.152.152.11,,5222,49655,A,4,6,0
1437585453.550564,08:00:27:11:4d:b1,08:00:27:78:57:ca,10.152.152.11,5.9.28.6,,49655,5222,A,4,6,0
1437585453.550781,08:00:27:11:4d:b1,08:00:27:78:57:ca,10.152.152.11,5.9.28.6,,49655,5222,A,4,6,0
1437585453.551102,08:00:27:78:57:ca,08:00:27:11:4d:b1,5.9.28.6,10.152.152.11,,5222,49655,A,4,6,0
1437585453.551285,08:00:27:78:57:ca,08:00:27:11:4d:b1,5.9.28.6,10.152.152.11,,5222,49655,A,4,6,0
1437585453.551461,08:00:27:11:4d:b1,08:00:27:78:57:ca,10.152.152.11,5.9.28.6,,49655,5222,PA,4,6,0
1437585453.551612,08:00:27:78:57:ca,08:00:27:11:4d:b1,5.9.28.6,10.152.152.11,,5222,49655,A,4,6,0
1437585453.779242,08:00:27:78:57:ca,08:00:27:11:4d:b1,5.9.28.6,10.152.152.11,,5222,49655,PA,4,6,0
1437585453.779314,08:00:27:11:4d:b1,08:00:27:78:57:ca,10.152.152.11,5.9.28.6,,49655,5222,A,4,6,0
1437585453.889725,08:00:27:78:57:ca,08:00:27:11:4d:b1,5.9.28.6,10.152.152.11,,5222,49655,PA,4,6,0
1437585453.889800,08:00:27:11:4d:b1,08:00:27:78:57:ca,10.152.152.11,5.9.28.6,,49655,5222,A,4,6,0
1437585464.335592,08:00:27:78:57:ca,08:00:27:11:4d:b1,5.9.28.6,10.152.152.11,,5222,49655,PA,4,6,0
1437585464.335628,08:00:27:11:4d:b1,08:00:27:78:57:ca,10.152.152.11,5.9.28.6,,49655,5222,A,4,6,0
1437585464.447530,08:00:27:78:57:ca,08:00:27:11:4d:b1,5.9.28.6,10.152.152.11,,5222,49655,PA,4,6,0
1437585464.447559,08:00:27:11:4d:b1,08:00:27:78:57:ca,10.152.152.11,5.9.28.6,,49655,5222,A,4,6,0
1437585478.828032,08:00:27:11:4d:b1,08:00:27:78:57:ca,10.152.152.11,5.9.28.6,,49655,5222,A,4,6,0
1437585478.828183,08:00:27:11:4d:b1,08:00:27:78:57:ca,10.152.152.11,5.9.28.6,,49655,5222,A,4,6,0
1437585478.828455,08:00:27:78:57:ca,08:00:27:11:4d:b1,5.9.28.6,10.152.152.11,,5222,49655,A,4,6,0
1437585478.828510,08:00:27:78:57:ca,08:00:27:11:4d:b1,5.9.28.6,10.152.152.11,,5222,49655,A,4,6,0
1437585478.828634,08:00:27:11:4d:b1,08:00:27:78:57:ca,10.152.152.11,5.9.28.6,,49655,5222,A,4,6,0
1437585478.828790,08:00:27:11:4d:b1,08:00:27:78:57:ca,10.152.152.11,5.9.28.6,,49655,5222,A,4,6,0
1437585478.828923,08:00:27:78:57:ca,08:00:27:11:4d:b1,5.9.28.6,10.152.152.11,,5222,49655,A,4,6,0
1437585478.829007,08:00:27:11:4d:b1,08:00:27:78:57:ca,10.152.152.11,5.9.28.6,,49655,5222,PA,4,6,0
1437585478.829090,08:00:27:78:57:ca,08:00:27:11:4d:b1,5.9.28.6,10.152.152.11,,5222,49655,A,4,6,0
1437585478.829143,08:00:27:78:57:ca,08:00:27:11:4d:b1,5.9.28.6,10.152.152.11,,5222,49655,A,4,6,0
1437585479.103087,08:00:27:78:57:ca,08:00:27:11:4d:b1,5.9.28.6,10.152.152.11,,5222,49655,PA,4,6,0
1437585479.103349,08:00:27:11:4d:b1,08:00:27:78:57:ca,10.152.152.11,5.9.28.6,,49655,5222,A,4,6,0
1437585479.178574,08:00:27:78:57:ca,08:00:27:11:4d:b1,5.9.28.6,10.152.152.11,,5222,49655,PA,4,6,0
1437585479.178608,08:00:27:11:4d:b1,08:00:27:78:57:ca,10.152.152.11,5.9.28.6,,49655,5222,A,4,6,0
1437585491.357686,08:00:27:78:57:ca,08:00:27:11:4d:b1,5.9.28.6,10.152.152.11,,5222,49655,PA,4,6,0
1437585491.357735,08:00:27:11:4d:b1,08:00:27:78:57:ca,10.152.152.11,5.9.28.6,,49655,5222,A,4,6,0
1437585491.470337,08:00:27:78:57:ca,08:00:27:11:4d:b1,5.9.28.6,10.152.152.11,,5222,49655,PA,4,6,0
1437585491.470370,08:00:27:11:4d:b1,08:00:27:78:57:ca,10.152.152.11,5.9.28.6,,49655,5222,A,4,6,0
1437585501.001884,08:00:27:11:4d:b1,08:00:27:78:57:ca,10.152.152.11,5.9.28.6,,49655,5222,A,4,6,0
1437585501.001994,08:00:27:11:4d:b1,08:00:27:78:57:ca,10.152.152.11,5.9.28.6,,49655,5222,A,4,6,0
1437585501.002057,08:00:27:11:4d:b1,08:00:27:78:57:ca,10.152.152.11,5.9.28.6,,49655,5222,A,4,6,0
1437585501.002168,08:00:27:78:57:ca,08:00:27:11:4d:b1,5.9.28.6,10.152.152.11,,5222,49655,A,4,6,0
1437585501.002176,08:00:27:78:57:ca,08:00:27:11:4d:b1,5.9.28.6,10.152.152.11,,5222,49655,A,4,6,0
1437585501.002286,08:00:27:78:57:ca,08:00:27:11:4d:b1,5.9.28.6,10.152.152.11,,5222,49655,A,4,6,0
1437585501.002332,08:00:27:11:4d:b1,08:00:27:78:57:ca,10.152.152.11,5.9.28.6,,49655,5222,A,4,6,0
1437585501.002396,08:00:27:11:4d:b1,08:00:27:78:57:ca,10.152.152.11,5.9.28.6,,49655,5222,PA,4,6,0
1437585501.002478,08:00:27:78:57:ca,08:00:27:11:4d:b1,5.9.28.6,10.152.152.11,,5222,49655,A,4,6,0
1437585501.002584,08:00:27:78:57:ca,08:00:27:11:4d:b1,5.9.28.6,10.152.152.11,,5222,49655,A,4,6,0
1437585501.239998,08:00:27:78:57:ca,08:00:27:11:4d:b1,5.9.28.6,10.152.152.11,,5222,49655,PA,4,6,0
1437585501.240090,08:00:27:11:4d:b1,08:00:27:78:57:ca,10.152.152.11,5.9.28.6,,49655,5222,A,4,6,0
1437585501.352559,08:00:27:78:57:ca,08:00:27:11:4d:b1,5.9.28.6,10.152.152.11,,5222,49655,PA,4,6,0
1437585501.352595,08:00:27:11:4d:b1,08:00:27:78:57:ca,10.152.152.11,5.9.28.6,,49655,5222,A,4,6,0
1437585503.045312,08:00:27:78:57:ca,08:00:27:11:4d:b1,5.9.28.6,10.152.152.11,,5222,49655,PA,4,6,0
1437585503.045393,08:00:27:11:4d:b1,08:00:27:78:57:ca,10.152.152.11,5.9.28.6,,49655,5222,A,4,6,0
1437585503.158657,08:00:27:78:57:ca,08:00:27:11:4d:b1,5.9.28.6,10.152.152.11,,5222,49655,PA,4,6,0
1437585503.158709,08:00:27:11:4d:b1,08:00:27:78:57:ca,10.152.152.11,5.9.28.6,,49655,5222,A,4,6,0
1437585542.712806,08:00:27:11:4d:b1,08:00:27:78:57:ca,10.152.152.11,5.9.28.6,,49655,5222,A,4,6,0
1437585542.712921,08:00:27:11:4d:b1,08:00:27:78:57:ca,10.152.152.11,5.9.28.6,,49655,5222,A,4,6,0
1437585542.713029,08:00:27:78:57:ca,08:00:27:11:4d:b1,5.9.28.6,10.152.152.11,,5222,49655,A,4,6,0
1437585542.713036,08:00:27:78:57:ca,08:00:27:11:4d:b1,5.9.28.6,10.152.152.11,,5222,49655,A,4,6,0
1437585542.713095,08:00:27:11:4d:b1,08:00:27:78:57:ca,10.152.152.11,5.9.28.6,,49655,5222,A,4,6,0
1437585542.713167,08:00:27:11:4d:b1,08:00:27:78:57:ca,10.152.152.11,5.9.28.6,,49655,5222,A,4,6,0
1437585542.713242,08:00:27:78:57:ca,08:00:27:11:4d:b1,5.9.28.6,10.152.152.11,,5222,49655,A,4,6,0
1437585542.713247,08:00:27:78:57:ca,08:00:27:11:4d:b1,5.9.28.6,10.152.152.11,,5222,49655,A,4,6,0
1437585542.713355,08:00:27:11:4d:b1,08:00:27:78:57:ca,10.152.152.11,5.9.28.6,,49655,5222,A,4,6,0
1437585542.713504,08:00:27:78:57:ca,08:00:27:11:4d:b1,5.9.28.6,10.152.152.11,,5222,49655,A,4,6,0
1437585542.713557,08:00:27:11:4d:b1,08:00:27:78:57:ca,10.152.152.11,5.9.28.6,,49655,5222,A,4,6,0
1437585542.713700,08:00:27:78:57:ca,08:00:27:11:4d:b1,5.9.28.6,10.152.152.11,,5222,49655,A,4,6,0
1437585542.713754,08:00:27:11:4d:b1,08:00:27:78:57:ca,10.152.152.11,5.9.28.6,,49655,5222,PA,4,6,0
1437585542.713906,08:00:27:78:57:ca,08:00:27:11:4d:b1,5.9.28.6,10.152.152.11,,5222,49655,A,4,6,0
1437585542.941705,08:00:27:78:57:ca,08:00:27:11:4d:b1,5.9.28.6,10.152.152.11,,5222,49655,PA,4,6,0
1437585542.941797,08:00:27:11:4d:b1,08:00:27:78:57:ca,10.152.152.11,5.9.28.6,,49655,5222,A,4,6,0
1437585543.053994,08:00:27:78:57:ca,08:00:27:11:4d:b1,5.9.28.6,10.152.152.11,,5222,49655,PA,4,6,0
1437585543.054020,08:00:27:11:4d:b1,08:00:27:78:57:ca,10.152.152.11,5.9.28.6,,49655,5222,A,4,6,0
1437585545.613990,08:00:27:78:57:ca,08:00:27:11:4d:b1,5.9.28.6,10.152.152.11,,5222,49655,PA,4,6,0
1437585545.614023,08:00:27:11:4d:b1,08:00:27:78:57:ca,10.152.152.11,5.9.28.6,,49655,5222,A,4,6,0
1437585545.724413,08:00:27:78:57:ca,08:00:27:11:4d:b1,5.9.28.6,10.152.152.11,,5222,49655,PA,4,6,0
1437585545.724433,08:00:27:11:4d:b1,08:00:27:78:57:ca,10.152.152.11,5.9.28.6,,49655,5222,A,4,6,0
1437585582.194440,08:00:27:11:4d:b1,08:00:27:78:57:ca,10.152.152.11,5.9.28.6,,49655,5222,A,4,6,0
1437585582.194513,08:00:27:11:4d:b1,08:00:27:78:57:ca,10.152.152.11,5.9.28.6,,49655,5222,A,4,6,0
1437585582.194530,08:00:27:11:4d:b1,08:00:27:78:57:ca,10.152.152.11,5.9.28.6,,49655,5222,A,4,6,0
1437585582.194546,08:00:27:11:4d:b1,08:00:27:78:57:ca,10.152.152.11,5.9.28.6,,49655,5222,A,4,6,0
1437585582.194562,08:00:27:11:4d:b1,08:00:27:78:57:ca,10.152.152.11,5.9.28.6,,49655,5222,PA,4,6,0
1437585582.194489,08:00:27:78:57:ca,08:00:27:11:4d:b1,5.9.28.6,10.152.152.11,,5222,49655,A,4,6,0
1437585582.194514,08:00:27:78:57:ca,08:00:27:11:4d:b1,5.9.28.6,10.152.152.11,,5222,49655,A,4,6,0
1437585582.194520,08:00:27:78:57:ca,08:00:27:11:4d:b1,5.9.28.6,10.152.152.11,,5222,49655,A,4,6,0
1437585582.194525,08:00:27:78:57:ca,08:00:27:11:4d:b1,5.9.28.6,10.152.152.11,,5222,49655,A,4,6,0
1437585582.194529,08:00:27:78:57:ca,08:00:27:11:4d:b1,5.9.28.6,10.152.152.11,,5222,49655,A,4,6,0
1437585582.417898,08:00:27:78:57:ca,08:00:27:11:4d:b1,5.9.28.6,10.152.152.11,,5222,49655,PA,4,6,0
1437585582.417989,08:00:27:11:4d:b1,08:00:27:78:57:ca,10.152.152.11,5.9.28.6,,49655,5222,A,4,6,0
1437585582.530237,08:00:27:78:57:ca,08:00:27:11:4d:b1,5.9.28.6,10.152.152.11,,5222,49655,PA,4,6,0
1437585582.530265,08:00:27:11:4d:b1,08:00:27:78:57:ca,10.152.152.11,5.9.28.6,,49655,5222,A,4,6,0
1437585585.761008,08:00:27:78:57:ca,08:00:27:11:4d:b1,5.9.28.6,10.152.152.11,,5222,49655,PA,4,6,0
1437585585.761084,08:00:27:11:4d:b1,08:00:27:78:57:ca,10.152.152.11,5.9.28.6,,49655,5222,A,4,6,0
1437585585.874859,08:00:27:78:57:ca,08:00:27:11:4d:b1,5.9.28.6,10.152.152.11,,5222,49655,PA,4,6,0
1437585585.874884,08:00:27:11:4d:b1,08:00:27:78:57:ca,10.152.152.11,5.9.28.6,,49655,5222,A,4,6,0
1437585598.753087,08:00:27:11:4d:b1,08:00:27:78:57:ca,10.152.152.11,5.9.28.6,,49655,5222,A,4,6,0
1437585598.753198,08:00:27:11:4d:b1,08:00:27:78:57:ca,10.152.152.11,5.9.28.6,,49655,5222,A,4,6,0
1437585598.753271,08:00:27:11:4d:b1,08:00:27:78:57:ca,10.152.152.11,5.9.28.6,,49655,5222,A,4,6,0
1437585598.753387,08:00:27:11:4d:b1,08:00:27:78:57:ca,10.152.152.11,5.9.28.6,,49655,5222,PA,4,6,0
1437585598.753586,08:00:27:78:57:ca,08:00:27:11:4d:b1,5.9.28.6,10.152.152.11,,5222,49655,A,4,6,0
1437585598.753593,08:00:27:78:57:ca,08:00:27:11:4d:b1,5.9.28.6,10.152.152.11,,5222,49655,A,4,6,0
1437585598.753618,08:00:27:78:57:ca,08:00:27:11:4d:b1,5.9.28.6,10.152.152.11,,5222,49655,A,4,6,0
1437585598.753667,08:00:27:78:57:ca,08:00:27:11:4d:b1,5.9.28.6,10.152.152.11,,5222,49655,A,4,6,0
1437585599.007043,08:00:27:78:57:ca,08:00:27:11:4d:b1,5.9.28.6,10.152.152.11,,5222,49655,PA,4,6,0
1437585599.007132,08:00:27:11:4d:b1,08:00:27:78:57:ca,10.152.152.11,5.9.28.6,,49655,5222,A,4,6,0
1437585599.116015,08:00:27:78:57:ca,08:00:27:11:4d:b1,5.9.28.6,10.152.152.11,,5222,49655,PA,4,6,0
1437585599.116044,08:00:27:11:4d:b1,08:00:27:78:57:ca,10.152.152.11,5.9.28.6,,49655,5222,A,4,6,0
1437585601.406464,08:00:27:78:57:ca,08:00:27:11:4d:b1,5.9.28.6,10.152.152.11,,5222,49655,PA,4,6,0
1437585601.406509,08:00:27:11:4d:b1,08:00:27:78:57:ca,10.152.152.11,5.9.28.6,,49655,5222,A,4,6,0
1437585601.516623,08:00:27:78:57:ca,08:00:27:11:4d:b1,5.9.28.6,10.152.152.11,,5222,49655,PA,4,6,0
1437585601.516659,08:00:27:11:4d:b1,08:00:27:78:57:ca,10.152.152.11,5.9.28.6,,49655,5222,A,4,6,0
1437585617.819343,08:00:27:11:4d:b1,08:00:27:78:57:ca,10.152.152.11,5.9.28.6,,49655,5222,A,4,6,0
1437585617.819461,08:00:27:11:4d:b1,08:00:27:78:57:ca,10.152.152.11,5.9.28.6,,49655,5222,A,4,6,0
1437585617.819524,08:00:27:11:4d:b1,08:00:27:78:57:ca,10.152.152.11,5.9.28.6,,49655,5222,A,4,6,0
1437585617.819627,08:00:27:11:4d:b1,08:00:27:78:57:ca,10.152.152.11,5.9.28.6,,49655,5222,PA,4,6,0
1437585617.819720,08:00:27:78:57:ca,08:00:27:11:4d:b1,5.9.28.6,10.152.152.11,,5222,49655,A,4,6,0
1437585617.819728,08:00:27:78:57:ca,08:00:27:11:4d:b1,5.9.28.6,10.152.152.11,,5222,49655,A,4,6,0
1437585617.819731,08:00:27:78:57:ca,08:00:27:11:4d:b1,5.9.28.6,10.152.152.11,,5222,49655,A,4,6,0
1437585617.819848,08:00:27:78:57:ca,08:00:27:11:4d:b1,5.9.28.6,10.152.152.11,,5222,49655,A,4,6,0
1437585618.048369,08:00:27:78:57:ca,08:00:27:11:4d:b1,5.9.28.6,10.152.152.11,,5222,49655,PA,4,6,0
1437585618.048461,08:00:27:11:4d:b1,08:00:27:78:57:ca,10.152.152.11,5.9.28.6,,49655,5222,A,4,6,0
1437585618.160670,08:00:27:78:57:ca,08:00:27:11:4d:b1,5.9.28.6,10.152.152.11,,5222,49655,PA,4,6,0
1437585618.160701,08:00:27:11:4d:b1,08:00:27:78:57:ca,10.152.152.11,5.9.28.6,,49655,5222,A,4,6,0
1437585622.018636,08:00:27:78:57:ca,08:00:27:11:4d:b1,5.9.28.6,10.152.152.11,,5222,49655,PA,4,6,0
1437585622.018671,08:00:27:11:4d:b1,08:00:27:78:57:ca,10.152.152.11,5.9.28.6,,49655,5222,A,4,6,0
1437585622.129240,08:00:27:78:57:ca,08:00:27:11:4d:b1,5.9.28.6,10.152.152.11,,5222,49655,PA,4,6,0
1437585622.129320,08:00:27:11:4d:b1,08:00:27:78:57:ca,10.152.152.11,5.9.28.6,,49655,5222,A,4,6,0
1437585635.185423,08:00:27:11:4d:b1,08:00:27:78:57:ca,10.152.152.11,5.9.28.6,,49655,5222,A,4,6,0
1437585635.185486,08:00:27:11:4d:b1,08:00:27:78:57:ca,10.152.152.11,5.9.28.6,,49655,5222,A,4,6,0
1437585635.185498,08:00:27:11:4d:b1,08:00:27:78:57:ca,10.152.152.11,5.9.28.6,,49655,5222,A,4,6,0
1437585635.185525,08:00:27:11:4d:b1,08:00:27:78:57:ca,10.152.152.11,5.9.28.6,,49655,5222,A,4,6,0
1437585635.185537,08:00:27:11:4d:b1,08:00:27:78:57:ca,10.152.152.11,5.9.28.6,,49655,5222,PA,4,6,0
1437585635.185443,08:00:27:78:57:ca,08:00:27:11:4d:b1,5.9.28.6,10.152.152.11,,5222,49655,A,4,6,0
1437585635.185460,08:00:27:78:57:ca,08:00:27:11:4d:b1,5.9.28.6,10.152.152.11,,5222,49655,A,4,6,0
1437585635.185467,08:00:27:78:57:ca,08:00:27:11:4d:b1,5.9.28.6,10.152.152.11,,5222,49655,A,4,6,0
1437585635.185474,08:00:27:78:57:ca,08:00:27:11:4d:b1,5.9.28.6,10.152.152.11,,5222,49655,A,4,6,0
1437585635.185481,08:00:27:78:57:ca,08:00:27:11:4d:b1,5.9.28.6,10.152.152.11,,5222,49655,A,4,6,0
1437585635.426780,08:00:27:78:57:ca,08:00:27:11:4d:b1,5.9.28.6,10.152.152.11,,5222,49655,PA,4,6,0
1437585635.426851,08:00:27:11:4d:b1,08:00:27:78:57:ca,10.152.152.11,5.9.28.6,,49655,5222,A,4,6,0
1437585635.540003,08:00:27:78:57:ca,08:00:27:11:4d:b1,5.9.28.6,10.152.152.11,,5222,49655,PA,4,6,0
1437585635.540030,08:00:27:11:4d:b1,08:00:27:78:57:ca,10.152.152.11,5.9.28.6,,49655,5222,A,4,6,0
1437585637.167222,08:00:27:78:57:ca,08:00:27:11:4d:b1,5.9.28.6,10.152.152.11,,5222,49655,PA,4,6,0
1437585637.167257,08:00:27:11:4d:b1,08:00:27:78:57:ca,10.152.152.11,5.9.28.6,,49655,5222,A,4,6,0
1437585637.279381,08:00:27:78:57:ca,08:00:27:11:4d:b1,5.9.28.6,10.152.152.11,,5222,49655,PA,4,6,0
1437585637.279410,08:00:27:11:4d:b1,08:00:27:78:57:ca,10.152.152.11,5.9.28.6,,49655,5222,A,4,6,0
1437585655.052918,08:00:27:11:4d:b1,08:00:27:78:57:ca,10.152.152.11,5.9.28.6,,49655,5222,A,4,6,0
1437585655.053028,08:00:27:11:4d:b1,08:00:27:78:57:ca,10.152.152.11,5.9.28.6,,49655,5222,A,4,6,0
1437585655.053059,08:00:27:11:4d:b1,08:00:27:78:57:ca,10.152.152.11,5.9.28.6,,49655,5222,A,4,6,0
1437585655.053083,08:00:27:11:4d:b1,08:00:27:78:57:ca,10.152.152.11,5.9.28.6,,49655,5222,A,4,6,0
1437585655.053139,08:00:27:11:4d:b1,08:00:27:78:57:ca,10.152.152.11,5.9.28.6,,49655,5222,PA,4,6,0
1437585655.053233,08:00:27:78:57:ca,08:00:27:11:4d:b1,5.9.28.6,10.152.152.11,,5222,49655,A,4,6,0
1437585655.053265,08:00:27:78:57:ca,08:00:27:11:4d:b1,5.9.28.6,10.152.152.11,,5222,49655,A,4,6,0
1437585655.053276,08:00:27:78:57:ca,08:00:27:11:4d:b1,5.9.28.6,10.152.152.11,,5222,49655,A,4,6,0
1437585655.053287,08:00:27:78:57:ca,08:00:27:11:4d:b1,5.9.28.6,10.152.152.11,,5222,49655,A,4,6,0
1437585655.053297,08:00:27:78:57:ca,08:00:27:11:4d:b1,5.9.28.6,10.152.152.11,,5222,49655,A,4,6,0
1437585655.298754,08:00:27:78:57:ca,08:00:27:11:4d:b1,5.9.28.6,10.152.152.11,,5222,49655,PA,4,6,0
1437585655.298844,08:00:27:11:4d:b1,08:00:27:78:57:ca,10.152.152.11,5.9.28.6,,49655,5222,A,4,6,0
1437585655.369960,08:00:27:78:57:ca,08:00:27:11:4d:b1,5.9.28.6,10.152.152.11,,5222,49655,PA,4,6,0
1437585655.369985,08:00:27:11:4d:b1,08:00:27:78:57:ca,10.152.152.11,5.9.28.6,,49655,5222,A,4,6,0
1437585657.917427,08:00:27:78:57:ca,08:00:27:11:4d:b1,5.9.28.6,10.152.152.11,,5222,49655,PA,4,6,0
1437585657.917462,08:00:27:11:4d:b1,08:00:27:78:57:ca,10.152.152.11,5.9.28.6,,49655,5222,A,4,6,0
1437585658.030083,08:00:27:78:57:ca,08:00:27:11:4d:b1,5.9.28.6,10.152.152.11,,5222,49655,PA,4,6,0
1437585658.030118,08:00:27:11:4d:b1,08:00:27:78:57:ca,10.152.152.11,5.9.28.6,,49655,5222,A,4,6,0
1437585679.053112,08:00:27:11:4d:b1,08:00:27:78:57:ca,10.152.152.11,5.9.28.6,,49655,5222,A,4,6,0
1437585679.053321,08:00:27:11:4d:b1,08:00:27:78:57:ca,10.152.152.11,5.9.28.6,,49655,5222,A,4,6,0
1437585679.053446,08:00:27:11:4d:b1,08:00:27:78:57:ca,10.152.152.11,5.9.28.6,,49655,5222,A,4,6,0
1437585679.053601,08:00:27:78:57:ca,08:00:27:11:4d:b1,5.9.28.6,10.152.152.11,,5222,49655,A,4,6,0
1437585679.053615,08:00:27:78:57:ca,08:00:27:11:4d:b1,5.9.28.6,10.152.152.11,,5222,49655,A,4,6,0
1437585679.053758,08:00:27:78:57:ca,08:00:27:11:4d:b1,5.9.28.6,10.152.152.11,,5222,49655,A,4,6,0
1437585679.053942,08:00:27:11:4d:b1,08:00:27:78:57:ca,10.152.152.11,5.9.28.6,,49655,5222,A,4,6,0
1437585679.054068,08:00:27:11:4d:b1,08:00:27:78:57:ca,10.152.152.11,5.9.28.6,,49655,5222,PA,4,6,0
1437585679.054227,08:00:27:78:57:ca,08:00:27:11:4d:b1,5.9.28.6,10.152.152.11,,5222,49655,A,4,6,0
1437585679.054403,08:00:27:78:57:ca,08:00:27:11:4d:b1,5.9.28.6,10.152.152.11,,5222,49655,A,4,6,0
1437585679.513227,08:00:27:78:57:ca,08:00:27:11:4d:b1,5.9.28.6,10.152.152.11,,5222,49655,PA,4,6,0
1437585679.513310,08:00:27:11:4d:b1,08:00:27:78:57:ca,10.152.152.11,5.9.28.6,,49655,5222,A,4,6,0
1437585679.625644,08:00:27:78:57:ca,08:00:27:11:4d:b1,5.9.28.6,10.152.152.11,,5222,49655,PA,4,6,0
1437585679.625718,08:00:27:11:4d:b1,08:00:27:78:57:ca,10.152.152.11,5.9.28.6,,49655,5222,A,4,6,0
1437585682.806208,08:00:27:78:57:ca,08:00:27:11:4d:b1,5.9.28.6,10.152.152.11,,5222,49655,PA,4,6,0
1437585682.806242,08:00:27:11:4d:b1,08:00:27:78:57:ca,10.152.152.11,5.9.28.6,,49655,5222,A,4,6,0
1437585682.919460,08:00:27:78:57:ca,08:00:27:11:4d:b1,5.9.28.6,10.152.152.11,,5222,49655,PA,4,6,0
1437585682.919494,08:00:27:11:4d:b1,08:00:27:78:57:ca,10.152.152.11,5.9.28.6,,49655,5222,A,4,6,0
1437585703.369731,08:00:27:11:4d:b1,08:00:27:78:57:ca,10.152.152.11,5.9.28.6,,49655,5222,A,4,6,0
1437585703.369837,08:00:27:11:4d:b1,08:00:27:78:57:ca,10.152.152.11,5.9.28.6,,49655,5222,A,4,6,0
1437585703.369891,08:00:27:11:4d:b1,08:00:27:78:57:ca,10.152.152.11,5.9.28.6,,49655,5222,A,4,6,0
1437585703.370022,08:00:27:78:57:ca,08:00:27:11:4d:b1,5.9.28.6,10.152.152.11,,5222,49655,A,4,6,0
1437585703.370057,08:00:27:78:57:ca,08:00:27:11:4d:b1,5.9.28.6,10.152.152.11,,5222,49655,A,4,6,0
1437585703.370061,08:00:27:78:57:ca,08:00:27:11:4d:b1,5.9.28.6,10.152.152.11,,5222,49655,A,4,6,0
1437585703.370118,08:00:27:11:4d:b1,08:00:27:78:57:ca,10.152.152.11,5.9.28.6,,49655,5222,A,4,6,0
1437585703.370211,08:00:27:11:4d:b1,08:00:27:78:57:ca,10.152.152.11,5.9.28.6,,49655,5222,A,4,6,0
1437585703.370298,08:00:27:78:57:ca,08:00:27:11:4d:b1,5.9.28.6,10.152.152.11,,5222,49655,A,4,6,0
1437585703.370317,08:00:27:11:4d:b1,08:00:27:78:57:ca,10.152.152.11,5.9.28.6,,49655,5222,PA,4,6,0
1437585703.370413,08:00:27:78:57:ca,08:00:27:11:4d:b1,5.9.28.6,10.152.152.11,,5222,49655,A,4,6,0
1437585703.370505,08:00:27:78:57:ca,08:00:27:11:4d:b1,5.9.28.6,10.152.152.11,,5222,49655,A,4,6,0
1437585703.707563,08:00:27:78:57:ca,08:00:27:11:4d:b1,5.9.28.6,10.152.152.11,,5222,49655,PA,4,6,0
1437585703.707656,08:00:27:11:4d:b1,08:00:27:78:57:ca,10.152.152.11,5.9.28.6,,49655,5222,A,4,6,0
1437585703.876166,08:00:27:78:57:ca,08:00:27:11:4d:b1,5.9.28.6,10.152.152.11,,5222,49655,PA,4,6,0
1437585703.876201,08:00:27:11:4d:b1,08:00:27:78:57:ca,10.152.152.11,5.9.28.6,,49655,5222,A,4,6,0
1437585705.918718,08:00:27:78:57:ca,08:00:27:11:4d:b1,5.9.28.6,10.152.152.11,,5222,49655,PA,4,6,0
1437585705.918754,08:00:27:11:4d:b1,08:00:27:78:57:ca,10.152.152.11,5.9.28.6,,49655,5222,A,4,6,0
1437585706.364132,08:00:27:78:57:ca,08:00:27:11:4d:b1,5.9.28.6,10.152.152.11,,5222,49655,PA,4,6,0
1437585706.364164,08:00:27:11:4d:b1,08:00:27:78:57:ca,10.152.152.11,5.9.28.6,,49655,5222,A,4,6,0
1437585734.594741,08:00:27:11:4d:b1,08:00:27:78:57:ca,10.152.152.11,5.9.28.6,,49655,5222,A,4,6,0
1437585734.594975,08:00:27:11:4d:b1,08:00:27:78:57:ca,10.152.152.11,5.9.28.6,,49655,5222,A,4,6,0
1437585734.595077,08:00:27:11:4d:b1,08:00:27:78:57:ca,10.152.152.11,5.9.28.6,,49655,5222,A,4,6,0
1437585734.595165,08:00:27:78:57:ca,08:00:27:11:4d:b1,5.9.28.6,10.152.152.11,,5222,49655,A,4,6,0
1437585734.595214,08:00:27:78:57:ca,08:00:27:11:4d:b1,5.9.28.6,10.152.152.11,,5222,49655,A,4,6,0
1437585734.595217,08:00:27:78:57:ca,08:00:27:11:4d:b1,5.9.28.6,10.152.152.11,,5222,49655,A,4,6,0
1437585734.595276,08:00:27:11:4d:b1,08:00:27:78:57:ca,10.152.152.11,5.9.28.6,,49655,5222,A,4,6,0
1437585734.595388,08:00:27:11:4d:b1,08:00:27:78:57:ca,10.152.152.11,5.9.28.6,,49655,5222,A,4,6,0
1437585734.595444,08:00:27:78:57:ca,08:00:27:11:4d:b1,5.9.28.6,10.152.152.11,,5222,49655,A,4,6,0
1437585734.595539,08:00:27:78:57:ca,08:00:27:11:4d:b1,5.9.28.6,10.152.152.11,,5222,49655,A,4,6,0
1437585734.595619,08:00:27:11:4d:b1,08:00:27:78:57:ca,10.152.152.11,5.9.28.6,,49655,5222,PA,4,6,0
1437585734.595950,08:00:27:78:57:ca,08:00:27:11:4d:b1,5.9.28.6,10.152.152.11,,5222,49655,A,4,6,0
1437585734.860265,08:00:27:78:57:ca,08:00:27:11:4d:b1,5.9.28.6,10.152.152.11,,5222,49655,PA,4,6,0
1437585734.860356,08:00:27:11:4d:b1,08:00:27:78:57:ca,10.152.152.11,5.9.28.6,,49655,5222,A,4,6,0
1437585734.966544,08:00:27:78:57:ca,08:00:27:11:4d:b1,5.9.28.6,10.152.152.11,,5222,49655,PA,4,6,0
1437585734.966641,08:00:27:11:4d:b1,08:00:27:78:57:ca,10.152.152.11,5.9.28.6,,49655,5222,A,4,6,0
1437585737.932946,08:00:27:78:57:ca,08:00:27:11:4d:b1,5.9.28.6,10.152.152.11,,5222,49655,PA,4,6,0
1437585737.932980,08:00:27:11:4d:b1,08:00:27:78:57:ca,10.152.152.11,5.9.28.6,,49655,5222,A,4,6,0
1437585738.045453,08:00:27:78:57:ca,08:00:27:11:4d:b1,5.9.28.6,10.152.152.11,,5222,49655,PA,4,6,0
1437585738.045487,08:00:27:11:4d:b1,08:00:27:78:57:ca,10.152.152.11,5.9.28.6,,49655,5222,A,4,6,0
1437585756.815253,08:00:27:11:4d:b1,08:00:27:78:57:ca,10.152.152.11,5.9.28.6,,49655,5222,A,4,6,0
1437585756.815361,08:00:27:11:4d:b1,08:00:27:78:57:ca,10.152.152.11,5.9.28.6,,49655,5222,A,4,6,0
1437585756.815387,08:00:27:11:4d:b1,08:00:27:78:57:ca,10.152.152.11,5.9.28.6,,49655,5222,A,4,6,0
1437585756.815450,08:00:27:11:4d:b1,08:00:27:78:57:ca,10.152.152.11,5.9.28.6,,49655,5222,A,4,6,0
1437585756.815463,08:00:27:11:4d:b1,08:00:27:78:57:ca,10.152.152.11,5.9.28.6,,49655,5222,A,4,6,0
1437585756.815482,08:00:27:11:4d:b1,08:00:27:78:57:ca,10.152.152.11,5.9.28.6,,49655,5222,PA,4,6,0
1437585756.815542,08:00:27:78:57:ca,08:00:27:11:4d:b1,5.9.28.6,10.152.152.11,,5222,49655,A,4,6,0
1437585756.815569,08:00:27:78:57:ca,08:00:27:11:4d:b1,5.9.28.6,10.152.152.11,,5222,49655,A,4,6,0
1437585756.815574,08:00:27:78:57:ca,08:00:27:11:4d:b1,5.9.28.6,10.152.152.11,,5222,49655,A,4,6,0
1437585756.815579,08:00:27:78:57:ca,08:00:27:11:4d:b1,5.9.28.6,10.152.152.11,,5222,49655,A,4,6,0
1437585756.815584,08:00:27:78:57:ca,08:00:27:11:4d:b1,5.9.28.6,10.152.152.11,,5222,49655,A,4,6,0
1437585756.815597,08:00:27:78:57:ca,08:00:27:11:4d:b1,5.9.28.6,10.152.152.11,,5222,49655,A,4,6,0
1437585757.380644,08:00:27:78:57:ca,08:00:27:11:4d:b1,5.9.28.6,10.152.152.11,,5222,49655,PA,4,6,0
1437585757.380735,08:00:27:11:4d:b1,08:00:27:78:57:ca,10.152.152.11,5.9.28.6,,49655,5222,A,4,6,0
1437585757.492445,08:00:27:78:57:ca,08:00:27:11:4d:b1,5.9.28.6,10.152.152.11,,5222,49655,PA,4,6,0
1437585757.492470,08:00:27:11:4d:b1,08:00:27:78:57:ca,10.152.152.11,5.9.28.6,,49655,5222,A,4,6,0
1437585758.744756,08:00:27:78:57:ca,08:00:27:11:4d:b1,5.9.28.6,10.152.152.11,,5222,49655,PA,4,6,0
1437585758.744792,08:00:27:11:4d:b1,08:00:27:78:57:ca,10.152.152.11,5.9.28.6,,49655,5222,A,4,6,0
1437585758.857039,08:00:27:78:57:ca,08:00:27:11:4d:b1,5.9.28.6,10.152.152.11,,5222,49655,PA,4,6,0
1437585758.857065,08:00:27:11:4d:b1,08:00:27:78:57:ca,10.152.152.11,5.9.28.6,,49655,5222,A,4,6,0
1437585768.920190,08:00:27:11:4d:b1,08:00:27:78:57:ca,10.152.152.11,5.9.28.6,,49655,5222,A,4,6,0
1437585768.920276,08:00:27:11:4d:b1,08:00:27:78:57:ca,10.152.152.11,5.9.28.6,,49655,5222,A,4,6,0
1437585768.920298,08:00:27:11:4d:b1,08:00:27:78:57:ca,10.152.152.11,5.9.28.6,,49655,5222,A,4,6,0
1437585768.920318,08:00:27:11:4d:b1,08:00:27:78:57:ca,10.152.152.11,5.9.28.6,,49655,5222,A,4,6,0
1437585768.920374,08:00:27:11:4d:b1,08:00:27:78:57:ca,10.152.152.11,5.9.28.6,,49655,5222,A,4,6,0
1437585768.920393,08:00:27:11:4d:b1,08:00:27:78:57:ca,10.152.152.11,5.9.28.6,,49655,5222,A,4,6,0
1437585768.920449,08:00:27:11:4d:b1,08:00:27:78:57:ca,10.152.152.11,5.9.28.6,,49655,5222,PA,4,6,0
1437585768.920326,08:00:27:78:57:ca,08:00:27:11:4d:b1,5.9.28.6,10.152.152.11,,5222,49655,A,4,6,0
1437585768.920348,08:00:27:78:57:ca,08:00:27:11:4d:b1,5.9.28.6,10.152.152.11,,5222,49655,A,4,6,0
1437585768.920357,08:00:27:78:57:ca,08:00:27:11:4d:b1,5.9.28.6,10.152.152.11,,5222,49655,A,4,6,0
1437585768.920365,08:00:27:78:57:ca,08:00:27:11:4d:b1,5.9.28.6,10.152.152.11,,5222,49655,A,4,6,0
1437585768.920373,08:00:27:78:57:ca,08:00:27:11:4d:b1,5.9.28.6,10.152.152.11,,5222,49655,A,4,6,0
1437585768.920452,08:00:27:78:57:ca,08:00:27:11:4d:b1,5.9.28.6,10.152.152.11,,5222,49655,A,4,6,0
1437585768.920462,08:00:27:78:57:ca,08:00:27:11:4d:b1,5.9.28.6,10.152.152.11,,5222,49655,A,4,6,0
1437585769.171951,08:00:27:78:57:ca,08:00:27:11:4d:b1,5.9.28.6,10.152.152.11,,5222,49655,PA,4,6,0
1437585769.172063,08:00:27:11:4d:b1,08:00:27:78:57:ca,10.152.152.11,5.9.28.6,,49655,5222,A,4,6,0
1437585769.284428,08:00:27:78:57:ca,08:00:27:11:4d:b1,5.9.28.6,10.152.152.11,,5222,49655,PA,4,6,0
1437585769.284463,08:00:27:11:4d:b1,08:00:27:78:57:ca,10.152.152.11,5.9.28.6,,49655,5222,A,4,6,0
1437585771.158765,08:00:27:78:57:ca,08:00:27:11:4d:b1,5.9.28.6,10.152.152.11,,5222,49655,PA,4,6,0
1437585771.158801,08:00:27:11:4d:b1,08:00:27:78:57:ca,10.152.152.11,5.9.28.6,,49655,5222,A,4,6,0
1437585771.270847,08:00:27:78:57:ca,08:00:27:11:4d:b1,5.9.28.6,10.152.152.11,,5222,49655,PA,4,6,0
1437585771.270873,08:00:27:11:4d:b1,08:00:27:78:57:ca,10.152.152.11,5.9.28.6,,49655,5222,A,4,6,0
1437585785.859988,08:00:27:11:4d:b1,08:00:27:78:57:ca,10.152.152.11,5.9.28.6,,49655,5222,A,4,6,0
1437585785.860037,08:00:27:11:4d:b1,08:00:27:78:57:ca,10.152.152.11,5.9.28.6,,49655,5222,A,4,6,0
1437585785.860048,08:00:27:11:4d:b1,08:00:27:78:57:ca,10.152.152.11,5.9.28.6,,49655,5222,A,4,6,0
1437585785.860058,08:00:27:11:4d:b1,08:00:27:78:57:ca,10.152.152.11,5.9.28.6,,49655,5222,A,4,6,0
1437585785.860078,08:00:27:11:4d:b1,08:00:27:78:57:ca,10.152.152.11,5.9.28.6,,49655,5222,A,4,6,0
1437585785.860089,08:00:27:11:4d:b1,08:00:27:78:57:ca,10.152.152.11,5.9.28.6,,49655,5222,A,4,6,0
1437585785.860133,08:00:27:11:4d:b1,08:00:27:78:57:ca,10.152.152.11,5.9.28.6,,49655,5222,PA,4,6,0
1437585785.860013,08:00:27:78:57:ca,08:00:27:11:4d:b1,5.9.28.6,10.152.152.11,,5222,49655,A,4,6,0
1437585785.860027,08:00:27:78:57:ca,08:00:27:11:4d:b1,5.9.28.6,10.152.152.11,,5222,49655,A,4,6,0
1437585785.860032,08:00:27:78:57:ca,08:00:27:11:4d:b1,5.9.28.6,10.152.152.11,,5222,49655,A,4,6,0
1437585785.860037,08:00:27:78:57:ca,08:00:27:11:4d:b1,5.9.28.6,10.152.152.11,,5222,49655,A,4,6,0
1437585785.860041,08:00:27:78:57:ca,08:00:27:11:4d:b1,5.9.28.6,10.152.152.11,,5222,49655,A,4,6,0
1437585785.860046,08:00:27:78:57:ca,08:00:27:11:4d:b1,5.9.28.6,10.152.152.11,,5222,49655,A,4,6,0
1437585785.860050,08:00:27:78:57:ca,08:00:27:11:4d:b1,5.9.28.6,10.152.152.11,,5222,49655,A,4,6,0
1437585786.107319,08:00:27:78:57:ca,08:00:27:11:4d:b1,5.9.28.6,10.152.152.11,,5222,49655,PA,4,6,0
1437585786.107407,08:00:27:11:4d:b1,08:00:27:78:57:ca,10.152.152.11,5.9.28.6,,49655,5222,A,4,6,0
1437585786.183396,08:00:27:78:57:ca,08:00:27:11:4d:b1,5.9.28.6,10.152.152.11,,5222,49655,PA,4,6,0
1437585786.183608,08:00:27:11:4d:b1,08:00:27:78:57:ca,10.152.152.11,5.9.28.6,,49655,5222,A,4,6,0
1437585788.022078,08:00:27:78:57:ca,08:00:27:11:4d:b1,5.9.28.6,10.152.152.11,,5222,49655,PA,4,6,0
1437585788.022113,08:00:27:11:4d:b1,08:00:27:78:57:ca,10.152.152.11,5.9.28.6,,49655,5222,A,4,6,0
1437585788.134861,08:00:27:78:57:ca,08:00:27:11:4d:b1,5.9.28.6,10.152.152.11,,5222,49655,PA,4,6,0
1437585788.134886,08:00:27:11:4d:b1,08:00:27:78:57:ca,10.152.152.11,5.9.28.6,,49655,5222,A,4,6,0
1437585796.070505,08:00:27:11:4d:b1,08:00:27:78:57:ca,10.152.152.11,5.9.28.6,,49655,5222,A,4,6,0
1437585796.070632,08:00:27:11:4d:b1,08:00:27:78:57:ca,10.152.152.11,5.9.28.6,,49655,5222,A,4,6,0
1437585796.070815,08:00:27:78:57:ca,08:00:27:11:4d:b1,5.9.28.6,10.152.152.11,,5222,49655,A,4,6,0
1437585796.070972,08:00:27:78:57:ca,08:00:27:11:4d:b1,5.9.28.6,10.152.152.11,,5222,49655,A,4,6,0
1437585796.071030,08:00:27:11:4d:b1,08:00:27:78:57:ca,10.152.152.11,5.9.28.6,,49655,5222,A,4,6,0
1437585796.071124,08:00:27:11:4d:b1,08:00:27:78:57:ca,10.152.152.11,5.9.28.6,,49655,5222,A,4,6,0
1437585796.071222,08:00:27:78:57:ca,08:00:27:11:4d:b1,5.9.28.6,10.152.152.11,,5222,49655,A,4,6,0
1437585796.071334,08:00:27:78:57:ca,08:00:27:11:4d:b1,5.9.28.6,10.152.152.11,,5222,49655,A,4,6,0
1437585796.071424,08:00:27:11:4d:b1,08:00:27:78:57:ca,10.152.152.11,5.9.28.6,,49655,5222,A,4,6,0
1437585796.071539,08:00:27:11:4d:b1,08:00:27:78:57:ca,10.152.152.11,5.9.28.6,,49655,5222,A,4,6,0
1437585796.071747,08:00:27:78:57:ca,08:00:27:11:4d:b1,5.9.28.6,10.152.152.11,,5222,49655,A,4,6,0
1437585796.071865,08:00:27:78:57:ca,08:00:27:11:4d:b1,5.9.28.6,10.152.152.11,,5222,49655,A,4,6,0
1437585796.071891,08:00:27:11:4d:b1,08:00:27:78:57:ca,10.152.152.11,5.9.28.6,,49655,5222,A,4,6,0
1437585796.072025,08:00:27:11:4d:b1,08:00:27:78:57:ca,10.152.152.11,5.9.28.6,,49655,5222,PA,4,6,0
1437585796.072127,08:00:27:78:57:ca,08:00:27:11:4d:b1,5.9.28.6,10.152.152.11,,5222,49655,A,4,6,0
1437585796.072262,08:00:27:78:57:ca,08:00:27:11:4d:b1,5.9.28.6,10.152.152.11,,5222,49655,A,4,6,0
1437585796.329772,08:00:27:78:57:ca,08:00:27:11:4d:b1,5.9.28.6,10.152.152.11,,5222,49655,PA,4,6,0
1437585796.329863,08:00:27:11:4d:b1,08:00:27:78:57:ca,10.152.152.11,5.9.28.6,,49655,5222,A,4,6,0
1437585796.441784,08:00:27:78:57:ca,08:00:27:11:4d:b1,5.9.28.6,10.152.152.11,,5222,49655,PA,4,6,0
1437585796.441810,08:00:27:11:4d:b1,08:00:27:78:57:ca,10.152.152.11,5.9.28.6,,49655,5222,A,4,6,0
1437585798.549127,08:00:27:78:57:ca,08:00:27:11:4d:b1,5.9.28.6,10.152.152.11,,5222,49655,PA,4,6,0
1437585798.549163,08:00:27:11:4d:b1,08:00:27:78:57:ca,10.152.152.11,5.9.28.6,,49655,5222,A,4,6,0
1437585798.682343,08:00:27:78:57:ca,08:00:27:11:4d:b1,5.9.28.6,10.152.152.11,,5222,49655,PA,4,6,0
1437585798.682359,08:00:27:11:4d:b1,08:00:27:78:57:ca,10.152.152.11,5.9.28.6,,49655,5222,A,4,6,0
1437585805.057199,08:00:27:11:4d:b1,08:00:27:78:57:ca,10.152.152.11,5.9.28.6,,49655,5222,A,4,6,0
1437585805.057319,08:00:27:11:4d:b1,08:00:27:78:57:ca,10.152.152.11,5.9.28.6,,49655,5222,A,4,6,0
1437585805.057392,08:00:27:11:4d:b1,08:00:27:78:57:ca,10.152.152.11,5.9.28.6,,49655,5222,A,4,6,0
1437585805.057512,08:00:27:78:57:ca,08:00:27:11:4d:b1,5.9.28.6,10.152.152.11,,5222,49655,A,4,6,0
1437585805.057539,08:00:27:78:57:ca,08:00:27:11:4d:b1,5.9.28.6,10.152.152.11,,5222,49655,A,4,6,0
1437585805.057542,08:00:27:78:57:ca,08:00:27:11:4d:b1,5.9.28.6,10.152.152.11,,5222,49655,A,4,6,0
1437585805.057598,08:00:27:11:4d:b1,08:00:27:78:57:ca,10.152.152.11,5.9.28.6,,49655,5222,A,4,6,0
1437585805.057672,08:00:27:11:4d:b1,08:00:27:78:57:ca,10.152.152.11,5.9.28.6,,49655,5222,A,4,6,0
1437585805.057743,08:00:27:78:57:ca,08:00:27:11:4d:b1,5.9.28.6,10.152.152.11,,5222,49655,A,4,6,0
1437585805.057834,08:00:27:78:57:ca,08:00:27:11:4d:b1,5.9.28.6,10.152.152.11,,5222,49655,A,4,6,0
1437585805.057870,08:00:27:11:4d:b1,08:00:27:78:57:ca,10.152.152.11,5.9.28.6,,49655,5222,A,4,6,0
1437585805.057935,08:00:27:11:4d:b1,08:00:27:78:57:ca,10.152.152.11,5.9.28.6,,49655,5222,A,4,6,0
1437585805.058217,08:00:27:78:57:ca,08:00:27:11:4d:b1,5.9.28.6,10.152.152.11,,5222,49655,A,4,6,0
1437585805.058245,08:00:27:78:57:ca,08:00:27:11:4d:b1,5.9.28.6,10.152.152.11,,5222,49655,A,4,6,0
1437585805.058304,08:00:27:11:4d:b1,08:00:27:78:57:ca,10.152.152.11,5.9.28.6,,49655,5222,PA,4,6,0
1437585805.058488,08:00:27:78:57:ca,08:00:27:11:4d:b1,5.9.28.6,10.152.152.11,,5222,49655,A,4,6,0
1437585806.345616,08:00:27:78:57:ca,08:00:27:11:4d:b1,5.9.28.6,10.152.152.11,,5222,49655,PA,4,6,0
1437585806.345655,08:00:27:11:4d:b1,08:00:27:78:57:ca,10.152.152.11,5.9.28.6,,49655,5222,A,4,6,0
1437585806.459055,08:00:27:78:57:ca,08:00:27:11:4d:b1,5.9.28.6,10.152.152.11,,5222,49655,PA,4,6,0
1437585806.459090,08:00:27:11:4d:b1,08:00:27:78:57:ca,10.152.152.11,5.9.28.6,,49655,5222,A,4,6,0
1437585808.353682,08:00:27:78:57:ca,08:00:27:11:4d:b1,5.9.28.6,10.152.152.11,,5222,49655,PA,4,6,0
1437585808.353705,08:00:27:11:4d:b1,08:00:27:78:57:ca,10.152.152.11,5.9.28.6,,49655,5222,A,4,6,0
1437585808.466592,08:00:27:78:57:ca,08:00:27:11:4d:b1,5.9.28.6,10.152.152.11,,5222,49655,PA,4,6,0
1437585808.466616,08:00:27:11:4d:b1,08:00:27:78:57:ca,10.152.152.11,5.9.28.6,,49655,5222,A,4,6,0
1437585815.883842,08:00:27:11:4d:b1,08:00:27:78:57:ca,10.152.152.11,5.9.28.6,,49655,5222,A,4,6,0
1437585815.884104,08:00:27:11:4d:b1,08:00:27:78:57:ca,10.152.152.11,5.9.28.6,,49655,5222,A,4,6,0
1437585815.884177,08:00:27:11:4d:b1,08:00:27:78:57:ca,10.152.152.11,5.9.28.6,,49655,5222,A,4,6,0
1437585815.884335,08:00:27:78:57:ca,08:00:27:11:4d:b1,5.9.28.6,10.152.152.11,,5222,49655,A,4,6,0
1437585815.884342,08:00:27:78:57:ca,08:00:27:11:4d:b1,5.9.28.6,10.152.152.11,,5222,49655,A,4,6,0
1437585815.884345,08:00:27:78:57:ca,08:00:27:11:4d:b1,5.9.28.6,10.152.152.11,,5222,49655,A,4,6,0
1437585815.884359,08:00:27:11:4d:b1,08:00:27:78:57:ca,10.152.152.11,5.9.28.6,,49655,5222,A,4,6,0
1437585815.884434,08:00:27:11:4d:b1,08:00:27:78:57:ca,10.152.152.11,5.9.28.6,,49655,5222,A,4,6,0
1437585815.884506,08:00:27:78:57:ca,08:00:27:11:4d:b1,5.9.28.6,10.152.152.11,,5222,49655,A,4,6,0
1437585815.884610,08:00:27:78:57:ca,08:00:27:11:4d:b1,5.9.28.6,10.152.152.11,,5222,49655,A,4,6,0
1437585815.884681,08:00:27:11:4d:b1,08:00:27:78:57:ca,10.152.152.11,5.9.28.6,,49655,5222,A,4,6,0
1437585815.884776,08:00:27:11:4d:b1,08:00:27:78:57:ca,10.152.152.11,5.9.28.6,,49655,5222,A,4,6,0
1437585815.884872,08:00:27:78:57:ca,08:00:27:11:4d:b1,5.9.28.6,10.152.152.11,,5222,49655,A,4,6,0
1437585815.884886,08:00:27:78:57:ca,08:00:27:11:4d:b1,5.9.28.6,10.152.152.11,,5222,49655,A,4,6,0
1437585815.884958,08:00:27:11:4d:b1,08:00:27:78:57:ca,10.152.152.11,5.9.28.6,,49655,5222,PA,4,6,0
1437585815.885100,08:00:27:78:57:ca,08:00:27:11:4d:b1,5.9.28.6,10.152.152.11,,5222,49655,A,4,6,0
1437585817.161453,08:00:27:78:57:ca,08:00:27:11:4d:b1,5.9.28.6,10.152.152.11,,5222,49655,PA,4,6,0
1437585817.161552,08:00:27:11:4d:b1,08:00:27:78:57:ca,10.152.152.11,5.9.28.6,,49655,5222,A,4,6,0
1437585817.273695,08:00:27:78:57:ca,08:00:27:11:4d:b1,5.9.28.6,10.152.152.11,,5222,49655,PA,4,6,0
1437585817.273732,08:00:27:11:4d:b1,08:00:27:78:57:ca,10.152.152.11,5.9.28.6,,49655,5222,A,4,6,0
1437585819.259248,08:00:27:78:57:ca,08:00:27:11:4d:b1,5.9.28.6,10.152.152.11,,5222,49655,PA,4,6,0
1437585819.259328,08:00:27:11:4d:b1,08:00:27:78:57:ca,10.152.152.11,5.9.28.6,,49655,5222,A,4,6,0
1437585819.371978,08:00:27:78:57:ca,08:00:27:11:4d:b1,5.9.28.6,10.152.152.11,,5222,49655,PA,4,6,0
1437585819.372038,08:00:27:11:4d:b1,08:00:27:78:57:ca,10.152.152.11,5.9.28.6,,49655,5222,A,4,6,0
1437585827.348188,08:00:27:11:4d:b1,08:00:27:78:57:ca,10.152.152.11,5.9.28.6,,49655,5222,A,4,6,0
1437585827.348242,08:00:27:11:4d:b1,08:00:27:78:57:ca,10.152.152.11,5.9.28.6,,49655,5222,A,4,6,0
1437585827.348256,08:00:27:11:4d:b1,08:00:27:78:57:ca,10.152.152.11,5.9.28.6,,49655,5222,A,4,6,0
1437585827.348268,08:00:27:11:4d:b1,08:00:27:78:57:ca,10.152.152.11,5.9.28.6,,49655,5222,A,4,6,0
1437585827.348301,08:00:27:11:4d:b1,08:00:27:78:57:ca,10.152.152.11,5.9.28.6,,49655,5222,A,4,6,0
1437585827.348315,08:00:27:11:4d:b1,08:00:27:78:57:ca,10.152.152.11,5.9.28.6,,49655,5222,A,4,6,0
1437585827.348337,08:00:27:11:4d:b1,08:00:27:78:57:ca,10.152.152.11,5.9.28.6,,49655,5222,A,4,6,0
1437585827.348363,08:00:27:11:4d:b1,08:00:27:78:57:ca,10.152.152.11,5.9.28.6,,49655,5222,PA,4,6,0
1437585827.348261,08:00:27:78:57:ca,08:00:27:11:4d:b1,5.9.28.6,10.152.152.11,,5222,49655,A,4,6,0
1437585827.348280,08:00:27:78:57:ca,08:00:27:11:4d:b1,5.9.28.6,10.152.152.11,,5222,49655,A,4,6,0
1437585827.348289,08:00:27:78:57:ca,08:00:27:11:4d:b1,5.9.28.6,10.152.152.11,,5222,49655,A,4,6,0
1437585827.348295,08:00:27:78:57:ca,08:00:27:11:4d:b1,5.9.28.6,10.152.152.11,,5222,49655,A,4,6,0
1437585827.348301,08:00:27:78:57:ca,08:00:27:11:4d:b1,5.9.28.6,10.152.152.11,,5222,49655,A,4,6,0
1437585827.348306,08:00:27:78:57:ca,08:00:27:11:4d:b1,5.9.28.6,10.152.152.11,,5222,49655,A,4,6,0
1437585827.348311,08:00:27:78:57:ca,08:00:27:11:4d:b1,5.9.28.6,10.152.152.11,,5222,49655,A,4,6,0
1437585827.348316,08:00:27:78:57:ca,08:00:27:11:4d:b1,5.9.28.6,10.152.152.11,,5222,49655,A,4,6,0
1437585828.589761,08:00:27:78:57:ca,08:00:27:11:4d:b1,5.9.28.6,10.152.152.11,,5222,49655,PA,4,6,0
1437585828.589853,08:00:27:11:4d:b1,08:00:27:78:57:ca,10.152.152.11,5.9.28.6,,49655,5222,A,4,6,0
1437585828.702772,08:00:27:78:57:ca,08:00:27:11:4d:b1,5.9.28.6,10.152.152.11,,5222,49655,PA,4,6,0
1437585828.702798,08:00:27:11:4d:b1,08:00:27:78:57:ca,10.152.152.11,5.9.28.6,,49655,5222,A,4,6,0
1437585830.915387,08:00:27:78:57:ca,08:00:27:11:4d:b1,5.9.28.6,10.152.152.11,,5222,49655,PA,4,6,0
1437585830.915422,08:00:27:11:4d:b1,08:00:27:78:57:ca,10.152.152.11,5.9.28.6,,49655,5222,A,4,6,0
1437585831.026904,08:00:27:78:57:ca,08:00:27:11:4d:b1,5.9.28.6,10.152.152.11,,5222,49655,PA,4,6,0
1437585831.026984,08:00:27:11:4d:b1,08:00:27:78:57:ca,10.152.152.11,5.9.28.6,,49655,5222,A,4,6,0
1437585840.098154,08:00:27:11:4d:b1,08:00:27:78:57:ca,10.152.152.11,5.9.28.6,,49655,5222,A,4,6,0
1437585840.098210,08:00:27:11:4d:b1,08:00:27:78:57:ca,10.152.152.11,5.9.28.6,,49655,5222,A,4,6,0
1437585840.098222,08:00:27:11:4d:b1,08:00:27:78:57:ca,10.152.152.11,5.9.28.6,,49655,5222,A,4,6,0
1437585840.098233,08:00:27:11:4d:b1,08:00:27:78:57:ca,10.152.152.11,5.9.28.6,,49655,5222,A,4,6,0
1437585840.098253,08:00:27:11:4d:b1,08:00:27:78:57:ca,10.152.152.11,5.9.28.6,,49655,5222,A,4,6,0
1437585840.098277,08:00:27:11:4d:b1,08:00:27:78:57:ca,10.152.152.11,5.9.28.6,,49655,5222,A,4,6,0
1437585840.098289,08:00:27:11:4d:b1,08:00:27:78:57:ca,10.152.152.11,5.9.28.6,,49655,5222,A,4,6,0
1437585840.098308,08:00:27:11:4d:b1,08:00:27:78:57:ca,10.152.152.11,5.9.28.6,,49655,5222,A,4,6,0
1437585840.098330,08:00:27:11:4d:b1,08:00:27:78:57:ca,10.152.152.11,5.9.28.6,,49655,5222,PA,4,6,0
1437585840.098186,08:00:27:78:57:ca,08:00:27:11:4d:b1,5.9.28.6,10.152.152.11,,5222,49655,A,4,6,0
1437585840.098200,08:00:27:78:57:ca,08:00:27:11:4d:b1,5.9.28.6,10.152.152.11,,5222,49655,A,4,6,0
1437585840.098205,08:00:27:78:57:ca,08:00:27:11:4d:b1,5.9.28.6,10.152.152.11,,5222,49655,A,4,6,0
1437585840.098210,08:00:27:78:57:ca,08:00:27:11:4d:b1,5.9.28.6,10.152.152.11,,5222,49655,A,4,6,0
1437585840.098259,08:00:27:78:57:ca,08:00:27:11:4d:b1,5.9.28.6,10.152.152.11,,5222,49655,A,4,6,0
1437585840.098265,08:00:27:78:57:ca,08:00:27:11:4d:b1,5.9.28.6,10.152.152.11,,5222,49655,A,4,6,0
1437585840.098269,08:00:27:78:57:ca,08:00:27:11:4d:b1,5.9.28.6,10.152.152.11,,5222,49655,A,4,6,0
1437585840.098319,08:00:27:78:57:ca,08:00:27:11:4d:b1,5.9.28.6,10.152.152.11,,5222,49655,A,4,6,0
1437585840.098324,08:00:27:78:57:ca,08:00:27:11:4d:b1,5.9.28.6,10.152.152.11,,5222,49655,A,4,6,0
1437585841.491728,08:00:27:78:57:ca,08:00:27:11:4d:b1,5.9.28.6,10.152.152.11,,5222,49655,PA,4,6,0
1437585841.491758,08:00:27:11:4d:b1,08:00:27:78:57:ca,10.152.152.11,5.9.28.6,,49655,5222,A,4,6,0
1437585841.592757,08:00:27:78:57:ca,08:00:27:11:4d:b1,5.9.28.6,10.152.152.11,,5222,49655,PA,4,6,0
1437585841.592782,08:00:27:11:4d:b1,08:00:27:78:57:ca,10.152.152.11,5.9.28.6,,49655,5222,A,4,6,0
1437585843.279587,08:00:27:78:57:ca,08:00:27:11:4d:b1,5.9.28.6,10.152.152.11,,5222,49655,PA,4,6,0
1437585843.279612,08:00:27:11:4d:b1,08:00:27:78:57:ca,10.152.152.11,5.9.28.6,,49655,5222,A,4,6,0
1437585843.390806,08:00:27:78:57:ca,08:00:27:11:4d:b1,5.9.28.6,10.152.152.11,,5222,49655,PA,4,6,0
1437585843.390848,08:00:27:11:4d:b1,08:00:27:78:57:ca,10.152.152.11,5.9.28.6,,49655,5222,A,4,6,0
1437585851.051772,08:00:27:11:4d:b1,08:00:27:78:57:ca,10.152.152.11,5.9.28.6,,49655,5222,A,4,6,0
1437585851.051885,08:00:27:11:4d:b1,08:00:27:78:57:ca,10.152.152.11,5.9.28.6,,49655,5222,A,4,6,0
1437585851.051985,08:00:27:11:4d:b1,08:00:27:78:57:ca,10.152.152.11,5.9.28.6,,49655,5222,A,4,6,0
1437585851.052120,08:00:27:78:57:ca,08:00:27:11:4d:b1,5.9.28.6,10.152.152.11,,5222,49655,A,4,6,0
1437585851.052129,08:00:27:78:57:ca,08:00:27:11:4d:b1,5.9.28.6,10.152.152.11,,5222,49655,A,4,6,0
1437585851.052233,08:00:27:78:57:ca,08:00:27:11:4d:b1,5.9.28.6,10.152.152.11,,5222,49655,A,4,6,0
1437585851.052280,08:00:27:11:4d:b1,08:00:27:78:57:ca,10.152.152.11,5.9.28.6,,49655,5222,A,4,6,0
1437585851.052353,08:00:27:11:4d:b1,08:00:27:78:57:ca,10.152.152.11,5.9.28.6,,49655,5222,A,4,6,0
1437585851.052424,08:00:27:78:57:ca,08:00:27:11:4d:b1,5.9.28.6,10.152.152.11,,5222,49655,A,4,6,0
1437585851.052582,08:00:27:78:57:ca,08:00:27:11:4d:b1,5.9.28.6,10.152.152.11,,5222,49655,A,4,6,0
1437585851.052657,08:00:27:11:4d:b1,08:00:27:78:57:ca,10.152.152.11,5.9.28.6,,49655,5222,A,4,6,0
1437585851.052765,08:00:27:78:57:ca,08:00:27:11:4d:b1,5.9.28.6,10.152.152.11,,5222,49655,A,4,6,0
1437585851.052797,08:00:27:11:4d:b1,08:00:27:78:57:ca,10.152.152.11,5.9.28.6,,49655,5222,A,4,6,0
1437585851.052902,08:00:27:78:57:ca,08:00:27:11:4d:b1,5.9.28.6,10.152.152.11,,5222,49655,A,4,6,0
1437585851.052920,08:00:27:11:4d:b1,08:00:27:78:57:ca,10.152.152.11,5.9.28.6,,49655,5222,A,4,6,0
1437585851.053028,08:00:27:78:57:ca,08:00:27:11:4d:b1,5.9.28.6,10.152.152.11,,5222,49655,A,4,6,0
1437585851.053059,08:00:27:11:4d:b1,08:00:27:78:57:ca,10.152.152.11,5.9.28.6,,49655,5222,A,4,6,0
1437585851.053163,08:00:27:78:57:ca,08:00:27:11:4d:b1,5.9.28.6,10.152.152.11,,5222,49655,A,4,6,0
1437585851.053184,08:00:27:11:4d:b1,08:00:27:78:57:ca,10.152.152.11,5.9.28.6,,49655,5222,A,4,6,0
1437585851.053287,08:00:27:78:57:ca,08:00:27:11:4d:b1,5.9.28.6,10.152.152.11,,5222,49655,A,4,6,0
1437585851.053350,08:00:27:11:4d:b1,08:00:27:78:57:ca,10.152.152.11,5.9.28.6,,49655,5222,PA,4,6,0
1437585851.053455,08:00:27:78:57:ca,08:00:27:11:4d:b1,5.9.28.6,10.152.152.11,,5222,49655,A,4,6,0
1437585852.307566,08:00:27:78:57:ca,08:00:27:11:4d:b1,5.9.28.6,10.152.152.11,,5222,49655,PA,4,6,0
1437585852.307631,08:00:27:11:4d:b1,08:00:27:78:57:ca,10.152.152.11,5.9.28.6,,49655,5222,A,4,6,0
1437585852.419681,08:00:27:78:57:ca,08:00:27:11:4d:b1,5.9.28.6,10.152.152.11,,5222,49655,PA,4,6,0
1437585852.419759,08:00:27:11:4d:b1,08:00:27:78:57:ca,10.152.152.11,5.9.28.6,,49655,5222,A,4,6,0
1437585853.906456,08:00:27:78:57:ca,08:00:27:11:4d:b1,5.9.28.6,10.152.152.11,,5222,49655,PA,4,6,0
1437585853.906536,08:00:27:11:4d:b1,08:00:27:78:57:ca,10.152.152.11,5.9.28.6,,49655,5222,A,4,6,0
1437585854.019034,08:00:27:78:57:ca,08:00:27:11:4d:b1,5.9.28.6,10.152.152.11,,5222,49655,PA,4,6,0
1437585854.019065,08:00:27:11:4d:b1,08:00:27:78:57:ca,10.152.152.11,5.9.28.6,,49655,5222,A,4,6,0
1437585861.166120,08:00:27:78:57:ca,08:00:27:11:4d:b1,5.9.28.6,10.152.152.11,,5222,49655,PA,4,6,0
1437585861.166154,08:00:27:11:4d:b1,08:00:27:78:57:ca,10.152.152.11,5.9.28.6,,49655,5222,A,4,6,0
1437585861.277322,08:00:27:78:57:ca,08:00:27:11:4d:b1,5.9.28.6,10.152.152.11,,5222,49655,PA,4,6,0
1437585861.277348,08:00:27:11:4d:b1,08:00:27:78:57:ca,10.152.152.11,5.9.28.6,,49655,5222,A,4,6,0
1437585875.174737,08:00:27:78:57:ca,08:00:27:11:4d:b1,5.9.28.6,10.152.152.11,,5222,49655,PA,4,6,0
1437585875.174774,08:00:27:11:4d:b1,08:00:27:78:57:ca,10.152.152.11,5.9.28.6,,49655,5222,A,4,6,0
1437585875.287073,08:00:27:78:57:ca,08:00:27:11:4d:b1,5.9.28.6,10.152.152.11,,5222,49655,PA,4,6,0
1437585875.287106,08:00:27:11:4d:b1,08:00:27:78:57:ca,10.152.152.11,5.9.28.6,,49655,5222,A,4,6,0
1437585914.491391,08:00:27:11:4d:b1,08:00:27:78:57:ca,10.152.152.11,5.9.28.6,,49655,5222,PA,4,6,0
1437585914.491494,08:00:27:78:57:ca,08:00:27:11:4d:b1,5.9.28.6,10.152.152.11,,5222,49655,A,4,6,0
1437585916.840857,08:00:27:78:57:ca,08:00:27:11:4d:b1,5.9.28.6,10.152.152.11,,5222,49655,PA,4,6,0
1437585916.840949,08:00:27:11:4d:b1,08:00:27:78:57:ca,10.152.152.11,5.9.28.6,,49655,5222,A,4,6,0
1437585916.905198,08:00:27:78:57:ca,08:00:27:11:4d:b1,5.9.28.6,10.152.152.11,,5222,49655,PA,4,6,0
1437585916.905232,08:00:27:11:4d:b1,08:00:27:78:57:ca,10.152.152.11,5.9.28.6,,49655,5222,A,4,6,0
1437585919.495023,08:00:27:11:4d:b1,08:00:27:78:57:ca,,,,,,,,,0
1437585919.495226,08:00:27:78:57:ca,08:00:27:11:4d:b1,,,,,,,,,0
1437585974.492417,08:00:27:11:4d:b1,08:00:27:78:57:ca,10.152.152.11,5.9.28.6,,49655,5222,PA,4,6,0
1437585974.492675,08:00:27:78:57:ca,08:00:27:11:4d:b1,5.9.28.6,10.152.152.11,,5222,49655,A,4,6,0
1437585974.741071,08:00:27:78:57:ca,08:00:27:11:4d:b1,5.9.28.6,10.152.152.11,,5222,49655,PA,4,6,0
1437585974.741166,08:00:27:11:4d:b1,08:00:27:78:57:ca,10.152.152.11,5.9.28.6,,49655,5222,A,4,6,0
1437585979.495063,08:00:27:11:4d:b1,08:00:27:78:57:ca,,,,,,,,,0
1437585979.495260,08:00:27:78:57:ca,08:00:27:11:4d:b1,,,,,,,,,0
1437586034.493918,08:00:27:11:4d:b1,08:00:27:78:57:ca,10.152.152.11,5.9.28.6,,49655,5222,PA,4,6,0
1437586034.494377,08:00:27:78:57:ca,08:00:27:11:4d:b1,5.9.28.6,10.152.152.11,,5222,49655,A,4,6,0
1437586034.774132,08:00:27:78:57:ca,08:00:27:11:4d:b1,5.9.28.6,10.152.152.11,,5222,49655,PA,4,6,0
1437586034.774224,08:00:27:11:4d:b1,08:00:27:78:57:ca,10.152.152.11,5.9.28.6,,49655,5222,A,4,6,0
